"","text","favorited","favoriteCount","replyToSN","created","truncated","replyToSID","id","replyToUID","statusSource","screenName","retweetCount","isRetweet","retweeted","longitude","latitude"
"1","<U+0001F4A1> Visual coding for machine learning is better with Node-RED!
 
In this #MadeWithTFJS, @pvaneckw from @IBM shares h… https://t.co/VBN2eYyo8H",FALSE,157,NA,2021-04-20,TRUE,NA,"1384544936138313729",NA,"<a href=""https://www.sprinklr.com"" rel=""nofollow"">Sprinklr</a>","TensorFlow",51,FALSE,FALSE,NA,NA
"2","<U+0001F4E3> TensorFlow 2.5.0-rc1 has been released!
 
Read to find out more about the major features and improvements <U+2193> https://t.co/HuYqRbA3Uv",FALSE,245,NA,2021-04-16,FALSE,NA,"1383148192431235076",NA,"<a href=""https://www.sprinklr.com"" rel=""nofollow"">Sprinklr</a>","TensorFlow",62,FALSE,FALSE,NA,NA
"3","<U+0001F4A1> Working with TensorFlow? We want to see your projects! 

Submit your work to the #TFCommunitySpotlight program fo… https://t.co/ZkEe1Lg0yN",FALSE,157,NA,2021-04-16,TRUE,NA,"1383104245965099014",NA,"<a href=""https://mobile.twitter.com"" rel=""nofollow"">Twitter Web App</a>","TensorFlow",24,FALSE,FALSE,NA,NA
"4","<U+0001F4E3> Mobilenet V3 is now available on #TFHub!

<U+0001F7E0> 4 image classifiers
<U+0001F7E0> 4 feature vector models for transfer learning… https://t.co/Bs0qii2PFY",FALSE,233,NA,2021-04-14,TRUE,NA,"1382362989311971331",NA,"<a href=""https://www.sprinklr.com"" rel=""nofollow"">Sprinklr</a>","TensorFlow",64,FALSE,FALSE,NA,NA
"5","<U+0001F5BC> A picture is worth a thousand words - especially when the words used to describe it are wrong.

In this… https://t.co/ia4Z4nVYGR",FALSE,161,NA,2021-04-13,TRUE,NA,"1382091230650249216",NA,"<a href=""https://www.sprinklr.com"" rel=""nofollow"">Sprinklr</a>","TensorFlow",30,FALSE,FALSE,NA,NA
"6","<U+0001F929> We are excited to be at NVIDIA #GTC21! 

See what’s new and exciting in TensorFlow in this comprehensive review t… https://t.co/b82Vr7SlyB",FALSE,63,NA,2021-04-13,TRUE,NA,"1382045979021619205",NA,"<a href=""https://www.sprinklr.com"" rel=""nofollow"">Sprinklr</a>","TensorFlow",13,FALSE,FALSE,NA,NA
"7","<U+23F0> Get ready for the #DevToolsChat in 1 HOUR!

Join us at 11am PT for a LIVE chat on @IntelDevTools as Penporn Koana… https://t.co/F4Zeds6tl3",FALSE,48,NA,2021-04-13,TRUE,NA,"1382015729004900352",NA,"<a href=""https://www.sprinklr.com"" rel=""nofollow"">Sprinklr</a>","TensorFlow",12,FALSE,FALSE,NA,NA
"8","<U+0001F50D><U+2728> Interested in OCR? 

Follow this example and learn how to train your own model for CAPTCHAs.

Take a look <U+0001F449>… https://t.co/pqwvsq0mpk",FALSE,479,NA,2021-04-08,TRUE,NA,"1380233994600656906",NA,"<a href=""https://www.sprinklr.com"" rel=""nofollow"">Sprinklr</a>","TensorFlow",117,FALSE,FALSE,NA,NA
"9","<U+0001F6CE> TensorFlow2.5.0-rc0 has been released.

Read along to see all the new major features and improvements <U+2193> https://t.co/JCwXHycZxR",FALSE,301,NA,2021-04-07,FALSE,NA,"1379828442909184002",NA,"<a href=""https://mobile.twitter.com"" rel=""nofollow"">Twitter Web App</a>","TensorFlow",76,FALSE,FALSE,NA,NA
"10","<U+0001F4AD> Let's have a #DevToolsChat!

Join Penporn Koanantakool at @GoogleAI and AG Ramesh at @IntelAI Tuesday, April 13 a… https://t.co/7OdIfERj3h",FALSE,79,NA,2021-04-06,TRUE,NA,"1379510192803520512",NA,"<a href=""https://mobile.twitter.com"" rel=""nofollow"">Twitter Web App</a>","TensorFlow",27,FALSE,FALSE,NA,NA
"11","<U+0001F5E3><U+FE0F> Machine learning just got easier!
 
The ML5.js library, that's #MadeWithTFJS, can enable you to do many advanced… https://t.co/TQx8qwlLhH",FALSE,385,NA,2021-04-06,TRUE,NA,"1379472214056034314",NA,"<a href=""https://mobile.twitter.com"" rel=""nofollow"">Twitter Web App</a>","TensorFlow",80,FALSE,FALSE,NA,NA
"12","<U+0001F4E3> Calling all TensorFlow developers!

We want to see your machine learning projects. Submit your work to the… https://t.co/HF7yF5eV62",FALSE,298,NA,2021-04-02,TRUE,NA,"1378075067729334272",NA,"<a href=""https://mobile.twitter.com"" rel=""nofollow"">Twitter Web App</a>","TensorFlow",88,FALSE,FALSE,NA,NA
"13","<U+0001F534> We're LIVE! <U+0001F534>

The #MadeWithTFJS Show &amp; Tell starts now! <U+23F0> Tune in for 7 inspiring demos harnessing the power of… https://t.co/qO3zSOQimW",FALSE,55,NA,2021-04-02,TRUE,NA,"1378015497623588865",NA,"<a href=""https://www.sprinklr.com"" rel=""nofollow"">Sprinklr</a>","TensorFlow",11,FALSE,FALSE,NA,NA
"14","<U+0001F4E3><U+2728> Join the #MadeWithTFJS Show &amp; Tell!

See inspiring community demos that push boundaries of what's possible using… https://t.co/MsU2uT85j4",FALSE,56,NA,2021-04-02,TRUE,NA,"1378006810062372865",NA,"<a href=""https://www.sprinklr.com"" rel=""nofollow"">Sprinklr</a>","TensorFlow",9,FALSE,FALSE,NA,NA
"15","<U+0001F512><U+0001F40D> Interested in software testing? 

Learn how to add a Python Fuzzer to TensorFlow in this article on the TF blog.… https://t.co/1DLttQlNnz",FALSE,125,NA,2021-04-01,TRUE,NA,"1377652507451789317",NA,"<a href=""https://www.sprinklr.com"" rel=""nofollow"">Sprinklr</a>","TensorFlow",32,FALSE,FALSE,NA,NA
"16","<U+0001F4BB> #TFHub makes BERT easy!

TensorFlow Hub offers a variety of BERT and BERT-like models. Take a look at some of the… https://t.co/xmiscslSKF",FALSE,153,NA,2021-03-31,TRUE,NA,"1377289643226509312",NA,"<a href=""https://www.sprinklr.com"" rel=""nofollow"">Sprinklr</a>","TensorFlow",54,FALSE,FALSE,NA,NA
"17","<U+0001F4D6><U+0001F389> #TFEverywhere2021 is in the books!

Thank you to everyone who joined us across the globe, we had a blast! Let us… https://t.co/nOPxnKttzY",FALSE,86,NA,2021-03-30,TRUE,NA,"1376943683170279429",NA,"<a href=""https://mobile.twitter.com"" rel=""nofollow"">Twitter Web App</a>","TensorFlow",7,FALSE,FALSE,NA,NA
"18","<U+0001F440> Google Summer of Code applications are open!

This is a 10 week paid program for students to gain experience with… https://t.co/wZQ2fNz1td",FALSE,198,NA,2021-03-29,TRUE,NA,"1376565275953348609",NA,"<a href=""https://www.sprinklr.com"" rel=""nofollow"">Sprinklr</a>","TensorFlow",77,FALSE,FALSE,NA,NA
"19","<U+0001F389> Save the date for our 5th #MadeWithTFJS Show &amp; Tell livestream on Fri Apr 2nd at 9AM PT!

From cats <U+0001F408> to adversar… https://t.co/nbGCVR5TPe",FALSE,125,NA,2021-03-26,TRUE,NA,"1375477715793543171",NA,"<a href=""https://www.sprinklr.com"" rel=""nofollow"">Sprinklr</a>","TensorFlow",35,FALSE,FALSE,NA,NA
"20","MuRIL is a BERT model pre-trained on 17 Indian languages and their transliterated counterparts. These languages hav… https://t.co/5olFOP66TP",FALSE,148,NA,2021-03-25,TRUE,NA,"1375178218077097990",NA,"<a href=""https://www.sprinklr.com"" rel=""nofollow"">Sprinklr</a>","TensorFlow",27,FALSE,FALSE,NA,NA
"21","<U+0001F9B8><U+200D><U+2640><U+FE0F><U+0001F5BC><U+FE0F> Interested in super resolution? 

Learn how to train your own model with Keras and TensorFlow here <U+2192>… https://t.co/BIeMvNH3wm",FALSE,493,NA,2021-03-24,TRUE,NA,"1374767986209390594",NA,"<a href=""https://www.sprinklr.com"" rel=""nofollow"">Sprinklr</a>","TensorFlow",98,FALSE,FALSE,NA,NA
"22","<U+0001F4C5> What's on this week's schedule for #TFEverywhere2021...

3/27 Xiamen
3/28 Beijing 
3/28 GDG Islamabad
3/28 Philip… https://t.co/itRBiHeJKL",FALSE,107,NA,2021-03-22,TRUE,NA,"1374032018514702339",NA,"<a href=""https://mobile.twitter.com"" rel=""nofollow"">Twitter Web App</a>","TensorFlow",15,FALSE,FALSE,NA,NA
"23","@Neilzblaze007 @RyanRogersIn1 Hi there. Anyone is welcome to share their projects to the program for the chance to… https://t.co/CEr3BqKiMU",FALSE,3,"Neilzblaze007",2021-03-19,TRUE,"1373035241883897860","1373038781670957057","1054757514833612800","<a href=""https://mobile.twitter.com"" rel=""nofollow"">Twitter Web App</a>","TensorFlow",0,FALSE,FALSE,NA,NA
"24","We started the #TFCommunitySpotlight program to offer developers a chance to showcase their TensorFlow projects and… https://t.co/4ydhb8a2iU",FALSE,97,NA,2021-03-19,TRUE,NA,"1372986764340523010",NA,"<a href=""https://mobile.twitter.com"" rel=""nofollow"">Twitter Web App</a>","TensorFlow",20,FALSE,FALSE,NA,NA
"25","<U+26A1><U+FE0F> Wish TensorBoard would load your data 100–400× faster? 

Try the experimental --load_fast=true flag in our lates… https://t.co/O74FxvJXlp",FALSE,260,NA,2021-03-18,TRUE,NA,"1372654563795292161",NA,"<a href=""https://mobile.twitter.com"" rel=""nofollow"">Twitter Web App</a>","TensorFlow",59,FALSE,FALSE,NA,NA
"26","<U+26A1> It's been a year since we released TensorFlow Quantum. In this post, we’ll take a look back at the results, paper… https://t.co/iJ0Aoqz9iT",FALSE,253,NA,2021-03-18,TRUE,NA,"1372618883585216514",NA,"<a href=""https://www.sprinklr.com"" rel=""nofollow"">Sprinklr</a>","TensorFlow",69,FALSE,FALSE,NA,NA
"27","<U+0001F389>One year anniversary of the #TensorFlow Certificate program! We are proud to announce that 2500+ developers passed… https://t.co/e3oFx6aYzz",FALSE,296,NA,2021-03-11,TRUE,NA,"1370088033677045761",NA,"<a href=""https://mobile.twitter.com"" rel=""nofollow"">Twitter Web App</a>","TensorFlow",56,FALSE,FALSE,NA,NA
"28","Next couple weeks for #TFEverywhere2021...

<U+26A1> 3/12 Sydney 
<U+26A1> 3/13 Turkey 
<U+26A1> 3/14 Vietnam 
<U+26A1> 3/19 Japan
<U+26A1> 3/20 Dalia… https://t.co/RpdxRSYvXl",FALSE,66,NA,2021-03-11,TRUE,NA,"1370057953038856194",NA,"<a href=""https://mobile.twitter.com"" rel=""nofollow"">Twitter Web App</a>","TensorFlow",10,FALSE,FALSE,NA,NA
"29","Check out the MultiModal Versatile Networks for embedding video <U+0001F4FA>, audio <U+0001F3A7>, and text <U+0001F4DD> data available on #TFHub fro… https://t.co/KwKtbtvz7l",FALSE,143,NA,2021-03-10,TRUE,NA,"1369698264358981641",NA,"<a href=""https://mobile.twitter.com"" rel=""nofollow"">Twitter Web App</a>","TensorFlow",29,FALSE,FALSE,NA,NA
"30","<U+0001F393> There's a new #TFX course on @coursera! 
 
Learn how TensorFlow Extended (TFX) on @googlecloud accelerates your… https://t.co/LnMjrprzGg",FALSE,311,NA,2021-03-09,TRUE,NA,"1369377456000557058",NA,"<a href=""https://www.sprinklr.com"" rel=""nofollow"">Sprinklr</a>","TensorFlow",84,FALSE,FALSE,NA,NA
"31","<U+0001F31F> “Be proud of your history”

@biancaxis was able to combine her professional background and  passion for AI, Produ… https://t.co/xv8DMpgqLq",FALSE,85,NA,2021-03-08,TRUE,NA,"1369045264078606339",NA,"<a href=""https://www.sprinklr.com"" rel=""nofollow"">Sprinklr</a>","TensorFlow",14,FALSE,FALSE,NA,NA
"32","As an accomplished Senior Manager of Data Sciences, @sharmichat82 is motivated to give back to the community by men… https://t.co/crKfpqq4hC",FALSE,65,NA,2021-03-08,TRUE,NA,"1369022446221856769",NA,"<a href=""https://www.sprinklr.com"" rel=""nofollow"">Sprinklr</a>","TensorFlow",12,FALSE,FALSE,NA,NA
"33","@WomenTechmakers Happy International Women's Day <U+0001F9E1> 

If you're working with machine learning and #TensorFlow techno… https://t.co/VPDkAiSFMd",FALSE,48,"WomenTechmakers",2021-03-08,TRUE,"1368924473206964225","1368988920386494466","2362618909","<a href=""https://mobile.twitter.com"" rel=""nofollow"">Twitter Web App</a>","TensorFlow",7,FALSE,FALSE,NA,NA
"34","<U+2728>We're kicking off a number of tech talks from a ML speaker series we recorded at home! <U+0001F4F9>

In our first episode,… https://t.co/iAqEzCotSE",FALSE,173,NA,2021-03-04,TRUE,NA,"1367527747606769670",NA,"<a href=""https://www.sprinklr.com"" rel=""nofollow"">Sprinklr</a>","TensorFlow",44,FALSE,FALSE,NA,NA
"35","<U+270D> Let's take a tour of SavedModel signatures

In this blog, you'll learn how graphs and models are stored in SavedM… https://t.co/MG9eOIoThx",FALSE,98,NA,2021-03-03,TRUE,NA,"1367173734050656256",NA,"<a href=""https://mobile.twitter.com"" rel=""nofollow"">Twitter Web App</a>","TensorFlow",34,FALSE,FALSE,NA,NA
"36","<U+0001F436><U+0001F431> Detect dogs and cats sounds in your neighborhood! 

Learn how to use transfer learning for audio classification… https://t.co/gZYKdCoK8f",FALSE,499,NA,2021-03-02,TRUE,NA,"1366812277681254401",NA,"<a href=""https://mobile.twitter.com"" rel=""nofollow"">Twitter Web App</a>","TensorFlow",129,FALSE,FALSE,NA,NA
"37","<U+0001F44B>  Xin chào các b<U+1EA1>n!

When our YouTube channel launched, we had a vision to inspire developers around the world, wh… https://t.co/7apwWnDvPF",FALSE,73,NA,2021-03-01,TRUE,NA,"1366448700625620994",NA,"<a href=""https://mobile.twitter.com"" rel=""nofollow"">Twitter Web App</a>","TensorFlow",11,FALSE,FALSE,NA,NA
"38","<U+0001F389>TensorFlow Everywhere is on the move! This week we’re headed to...

<U+0001F1F9><U+0001F1FC> Taipei on 3/2
<U+0001F1E8><U+0001F1F3> Shanghai on 3/6
<U+0001F1E6><U+0001F1FF> Azerbai… https://t.co/yDEbeGcJnN",FALSE,99,NA,2021-02-26,TRUE,NA,"1365360377152884737",NA,"<a href=""https://www.sprinklr.com"" rel=""nofollow"">Sprinklr</a>","TensorFlow",18,FALSE,FALSE,NA,NA
"39","<U+0001F5A5><U+FE0F> Convert a Python model to run in the web browser via TensorFlow.js!

Reach a wider audience with the simplicity… https://t.co/4KNG5zIkaz",FALSE,436,NA,2021-02-24,TRUE,NA,"1364651320779677697",NA,"<a href=""https://www.sprinklr.com"" rel=""nofollow"">Sprinklr</a>","TensorFlow",96,FALSE,FALSE,NA,NA
"40","Set a reminder! #TFEverywhere2021 is headed to North America and Asia Pacific. 

Coming up this week...
<U+0001F1FA><U+0001F1F8>  North A… https://t.co/YZFFX0WT5L",FALSE,65,NA,2021-02-23,TRUE,NA,"1364258724903329793",NA,"<a href=""https://www.sprinklr.com"" rel=""nofollow"">Sprinklr</a>","TensorFlow",23,FALSE,FALSE,NA,NA
"41","<U+0001F4E3><U+26A1><U+FE0F> North America friends!

Join us at the very first #TFEverywhere2021 North America Summit on Feb 26-27 for an in… https://t.co/O8FnWn7A9P",FALSE,71,NA,2021-02-22,TRUE,NA,"1363932270931812354",NA,"<a href=""https://mobile.twitter.com"" rel=""nofollow"">Twitter Web App</a>","TensorFlow",17,FALSE,FALSE,NA,NA
"42","Got an idea for an AI hardware project?

<U+0001F44B> <U+0001F916> Get started with Alto!

A little teachable object using the Coral USB… https://t.co/UmwdrBu10A",FALSE,161,NA,2021-02-22,TRUE,NA,"1363896390108278787",NA,"<a href=""https://www.sprinklr.com"" rel=""nofollow"">Sprinklr</a>","TensorFlow",61,FALSE,FALSE,NA,NA
"43","<U+0001F4BD> Reduce your storage requirements and eliminate unnecessary silent computations containing zero values with sparse… https://t.co/idrRVvmgc3",FALSE,194,NA,2021-02-19,TRUE,NA,"1362854470430908416",NA,"<a href=""https://www.sprinklr.com"" rel=""nofollow"">Sprinklr</a>","TensorFlow",39,FALSE,FALSE,NA,NA
"44","<U+2709><U+FE0F> RSVP for TensorFlow Everywhere!

Join TensorFlow and machine learning communities around the world for… https://t.co/AgbFqjudWi",FALSE,151,NA,2021-02-19,TRUE,NA,"1362811505360650241",NA,"<a href=""https://www.sprinklr.com"" rel=""nofollow"">Sprinklr</a>","TensorFlow",53,FALSE,FALSE,NA,NA
"45","Light up your photos with MIRNet <U+0001F4A1><U+0001F5BC><U+FE0F>

@RisingSayak published a model on #TFHub to enhance low-light images!

Try it… https://t.co/dmo3apcZYn",FALSE,144,NA,2021-02-18,TRUE,NA,"1362446701915701253",NA,"<a href=""https://www.sprinklr.com"" rel=""nofollow"">Sprinklr</a>","TensorFlow",33,FALSE,FALSE,NA,NA
"46","<U+0001F6E0> Learn how to estimate Bayesian credible intervals using Variational Inference in TensorFlow Probability.
 
Right… https://t.co/4ZOSesUIMX",FALSE,218,NA,2021-02-17,TRUE,NA,"1362085501495255041",NA,"<a href=""https://mobile.twitter.com"" rel=""nofollow"">Twitter Web App</a>","TensorFlow",47,FALSE,FALSE,NA,NA
"47","Coming up this week for #TFEverywhere2021...

<U+26A1><U+FE0F>2/17: GDG Cloud Emirates 
<U+26A1><U+FE0F>2/18: TensorFlow and Deep Learning Sing… https://t.co/f6ATfxwO4k",FALSE,91,NA,2021-02-16,TRUE,NA,"1361766542741020676",NA,"<a href=""https://mobile.twitter.com"" rel=""nofollow"">Twitter Web App</a>","TensorFlow",20,FALSE,FALSE,NA,NA
"48","<U+0001F4AC> By leveraging TensorFlow Extended, @OpenX has been able to train ML models for serving millions of queries per se… https://t.co/tILqpE8I9A",FALSE,178,NA,2021-02-15,TRUE,NA,"1361369002321137664",NA,"<a href=""https://mobile.twitter.com"" rel=""nofollow"">Twitter Web App</a>","TensorFlow",37,FALSE,FALSE,NA,NA
"49","We are committed to advancing opportunities among our Black+ developer community. Eligible developers can now reque… https://t.co/vESVRnvp8z",FALSE,164,NA,2021-02-12,TRUE,NA,"1360290168029081600",NA,"<a href=""https://mobile.twitter.com"" rel=""nofollow"">Twitter Web App</a>","TensorFlow",29,FALSE,FALSE,NA,NA
"50","<U+0001F3C3><U+200D><U+2640><U+FE0F><U+26A1><U+FE0F> TensorFlow runs faster than ever on Arm Cortex-M MCUs.

Arm has worked closely with the TensorFlow team to d… https://t.co/1Duk4EbcRd",FALSE,295,NA,2021-02-10,TRUE,NA,"1359564641991548928",NA,"<a href=""https://www.sprinklr.com"" rel=""nofollow"">Sprinklr</a>","TensorFlow",92,FALSE,FALSE,NA,NA
"51","<U+0001F469><U+200D><U+0001F4BB><U+0001F30E> Get ready for #TFEverywhere2021! 

Learn more about our upcoming series of global events led by TensorFlow and… https://t.co/ztpsiLjl8b",FALSE,138,NA,2021-02-09,TRUE,NA,"1359203951363653632",NA,"<a href=""https://www.sprinklr.com"" rel=""nofollow"">Sprinklr</a>","TensorFlow",41,FALSE,FALSE,NA,NA
"52","<U+0001F680><U+26A1><U+FE0F> TensorFlow Everywhere is ready for take-off!

With over 20 locations and 9 languages, join us for… https://t.co/g0GX3FL5W1",FALSE,384,NA,2021-02-08,TRUE,NA,"1358855322153189378",NA,"<a href=""https://www.sprinklr.com"" rel=""nofollow"">Sprinklr</a>","TensorFlow",121,FALSE,FALSE,NA,NA
"53","<U+0001F3C5> #TFCommunitySpotlight Winner: István Sárándi <U+0001F3C5>

István created a computer vision algorithm that takes a single RG… https://t.co/3Wo5rSS8Wz",FALSE,523,NA,2021-02-02,TRUE,NA,"1356664691066499072",NA,"<a href=""https://mobile.twitter.com"" rel=""nofollow"">Twitter Web App</a>","TensorFlow",106,FALSE,FALSE,NA,NA
"54","<U+0001F5A5> Integrate TensorRT in TensorFlow 2x

TF-TRT leverages TensorFlow's flexibility while also taking advantage of the… https://t.co/8O3GfoXTCJ",FALSE,191,NA,2021-01-28,TRUE,NA,"1354882340606988288",NA,"<a href=""https://mobile.twitter.com"" rel=""nofollow"">Twitter Web App</a>","TensorFlow",63,FALSE,FALSE,NA,NA
"55","<U+0001F973><U+FE0F>Happy #DataPrivacyDay!

Learn how we're improving the state of privacy in Machine Learning by expanding the Tenso… https://t.co/EzssFsgsyk",FALSE,114,NA,2021-01-28,TRUE,NA,"1354857755538939904",NA,"<a href=""https://mobile.twitter.com"" rel=""nofollow"">Twitter Web App</a>","TensorFlow",31,FALSE,FALSE,NA,NA
"56","<U+0001F514> TensorFlow 2.4.1 has been released!

This release removes the AVX2 requirement from TF 2.4.0.

Details <U+2193> https://t.co/cuPxY3nmvf",FALSE,256,NA,2021-01-26,FALSE,NA,"1354202468415008770",NA,"<a href=""https://mobile.twitter.com"" rel=""nofollow"">Twitter Web App</a>","TensorFlow",56,FALSE,FALSE,NA,NA
"57","<U+0001F4F1><U+0001F300> Custom hardware powered by Tensorflow.js!

Join @jason_mayes and @paulrjessop to learn how he built a robotic de… https://t.co/VoqNVuT4Du",FALSE,194,NA,2021-01-26,TRUE,NA,"1354119349775327233",NA,"<a href=""https://www.sprinklr.com"" rel=""nofollow"">Sprinklr</a>","TensorFlow",40,FALSE,FALSE,NA,NA
"58","<U+0001F31F> The first release (0.1) of TFLite Support!

Check out this toolkit that makes deploying TFLite models on mobile d… https://t.co/oQz26OjDnD",FALSE,336,NA,2021-01-25,TRUE,NA,"1353764579034222593",NA,"<a href=""https://www.sprinklr.com"" rel=""nofollow"">Sprinklr</a>","TensorFlow",93,FALSE,FALSE,NA,NA
"59","<U+0001F50D> Learn how to train a custom object detection model in Python and then use it in a browser with TensorFlow.js in t… https://t.co/sXijLSSQ16",FALSE,433,NA,2021-01-22,TRUE,NA,"1352677286437380100",NA,"<a href=""https://www.sprinklr.com"" rel=""nofollow"">Sprinklr</a>","TensorFlow",105,FALSE,FALSE,NA,NA
"60","<U+0001F31F> @Raspberry_Pi introduced their first microcontroller, the Raspberry Pi Pico! We'll be releasing a port of TensorF… https://t.co/0bEMZRF9MD",FALSE,999,NA,2021-01-21,TRUE,NA,"1352363336877416453",NA,"<a href=""https://mobile.twitter.com"" rel=""nofollow"">Twitter Web App</a>","TensorFlow",260,FALSE,FALSE,NA,NA
"61","<U+0001F3C5>#TFCommunitySpotlight Winners: Margaret Maynard-Reid, Sayak Paul, George Soloupis<U+0001F3C5>

This team created a project th… https://t.co/h3MIk3g8aA",FALSE,161,NA,2021-01-19,TRUE,NA,"1351590466068783105",NA,"<a href=""https://mobile.twitter.com"" rel=""nofollow"">Twitter Web App</a>","TensorFlow",27,FALSE,FALSE,NA,NA
"62","<U+26A1> Accelerating AI Performance with Intel oneDNN. 

Learn how TensorFlow uses oneDNN to fully leverage new Intel CPU… https://t.co/1a7KqHX8rl",FALSE,107,NA,2021-01-13,TRUE,NA,"1349447323575869443",NA,"<a href=""https://mobile.twitter.com"" rel=""nofollow"">Twitter Web App</a>","TensorFlow",28,FALSE,FALSE,NA,NA
"63","<U+0001F5BC> Art imitates life

@jason_mayes is joined by @emilyxxie to learn how she brought the Mona Lisa painting to life u… https://t.co/t7aLRSSHLx",FALSE,301,NA,2021-01-12,TRUE,NA,"1349046012086804481",NA,"<a href=""https://www.sprinklr.com"" rel=""nofollow"">Sprinklr</a>","TensorFlow",61,FALSE,FALSE,NA,NA
"64","Due to a number of vulnerabilities, we have released patches for TensorFlow on all versions from 1.15 to 2.3 inclus… https://t.co/PoVFLDoR1x",FALSE,235,NA,2021-01-11,TRUE,NA,"1348722156603985920",NA,"<a href=""https://mobile.twitter.com"" rel=""nofollow"">Twitter Web App</a>","TensorFlow",66,FALSE,FALSE,NA,NA
"65","<U+0001F3C5>#TFCommunitySpotlight Winner: Vivien Tran-Thien<U+0001F3C5>

Vivien created this demo to simulate 3D perception through motio… https://t.co/HchJLPniYu",FALSE,130,NA,2021-01-08,TRUE,NA,"1347679140468543491",NA,"<a href=""https://mobile.twitter.com"" rel=""nofollow"">Twitter Web App</a>","TensorFlow",23,FALSE,FALSE,NA,NA
"66","<U+0001F4C1> Track where your models came from with ML Metadata

ML Metadata is a library for TensorFlow and other ML framewor… https://t.co/5Afd3AveF0",FALSE,248,NA,2021-01-08,TRUE,NA,"1347605660913999873",NA,"<a href=""https://mobile.twitter.com"" rel=""nofollow"">Twitter Web App</a>","TensorFlow",58,FALSE,FALSE,NA,NA
"67","<U+0001F5A5><U+0001F5A5> Learn how to scale up model training on multiple machines.

Tune into the latest episode of #InsideTensorFlow to… https://t.co/VfWgC4Fij8",FALSE,125,NA,2021-01-07,TRUE,NA,"1347256694376685568",NA,"<a href=""https://www.sprinklr.com"" rel=""nofollow"">Sprinklr</a>","TensorFlow",29,FALSE,FALSE,NA,NA
"68","<U+0001F579> Hacking human computer interaction!

Join @jason_mayes in #MadewithTFJS as he speaks with @potatoandy to learn ab… https://t.co/JUCF8wPAMl",FALSE,124,NA,2021-01-05,TRUE,NA,"1346524412347092996",NA,"<a href=""https://www.sprinklr.com"" rel=""nofollow"">Sprinklr</a>","TensorFlow",25,FALSE,FALSE,NA,NA
"69","<U+0001F3AD> Customizable AR face masks! 

In the latest episode of #MadewithTFJS, @jason_mayes is joined by Samarth and Prave… https://t.co/AUUDaU7UnK",FALSE,201,NA,2020-12-29,TRUE,NA,"1343978498294046726",NA,"<a href=""https://mobile.twitter.com"" rel=""nofollow"">Twitter Web App</a>","TensorFlow",40,FALSE,FALSE,NA,NA
"70","<U+0001F3C5> #TFCommunitySpotlight Winner: Juan Carlos Piñeros <U+0001F3C5>

Komposair helps musicians create melodies based on their mot… https://t.co/ygHMQnoQuU",FALSE,209,NA,2020-12-23,TRUE,NA,"1341808826471776256",NA,"<a href=""https://mobile.twitter.com"" rel=""nofollow"">Twitter Web App</a>","TensorFlow",49,FALSE,FALSE,NA,NA
"71","<U+0001F9E9> The Real-time AR Sudoku Solver.

See how developer Chris Greening built an augmented reality web app to solve Sud… https://t.co/7Vu13U1Mqd",FALSE,606,NA,2020-12-22,TRUE,NA,"1341474891854467080",NA,"<a href=""https://www.sprinklr.com"" rel=""nofollow"">Sprinklr</a>","TensorFlow",147,FALSE,FALSE,NA,NA
"72","<U+0001F389> Join the TensorFlow Special Interest Groups!

TensorFlow SIGs (Special Interest Groups) organize and maintain key… https://t.co/tVYanAyHcT",FALSE,136,NA,2020-12-22,TRUE,NA,"1341444531967954949",NA,"<a href=""https://www.sprinklr.com"" rel=""nofollow"">Sprinklr</a>","TensorFlow",24,FALSE,FALSE,NA,NA
"73","<U+0001F6AB> Get rid of toxic messages with ML

@InSpaceEdu is a new video conference platform designed by educators, for educ… https://t.co/gd8KpVJdPb",FALSE,94,NA,2020-12-21,TRUE,NA,"1341083102370803714",NA,"<a href=""https://www.sprinklr.com"" rel=""nofollow"">Sprinklr</a>","TensorFlow",14,FALSE,FALSE,NA,NA
"74","<U+0001F4F8> Take your image resolution to the next level

In this tutorial we are going to teach you how to build an Android… https://t.co/gzqQLSHnCy",FALSE,292,NA,2020-12-18,TRUE,NA,"1339994996594892801",NA,"<a href=""https://www.sprinklr.com"" rel=""nofollow"">Sprinklr</a>","TensorFlow",69,FALSE,FALSE,NA,NA
"75","<U+0001F44B> Meet the machine learning experts from @GoogleDevExpert!

With over 150 TensorFlow Experts all over the world, le… https://t.co/zZTWR5Ryb6",FALSE,91,NA,2020-12-16,TRUE,NA,"1339306788131381251",NA,"<a href=""https://www.sprinklr.com"" rel=""nofollow"">Sprinklr</a>","TensorFlow",36,FALSE,FALSE,NA,NA
"76","<U+0001F4AA> Building a stronger developer community.

Back in September, 13 user groups came together for the TensorFlow User… https://t.co/SSsRHuHX7n",FALSE,73,NA,2020-11-23,TRUE,NA,"1330920982039564289",NA,"<a href=""https://mobile.twitter.com"" rel=""nofollow"">Twitter Web App</a>","TensorFlow",11,FALSE,FALSE,NA,NA
"77","<U+0001F4A1> New updates for you!

TensorFlow 2.4.0-rc2 has been released and features a number of new features and improvemen… https://t.co/YFiL0s4P3D",FALSE,223,NA,2020-11-20,TRUE,NA,"1329865426919071746",NA,"<a href=""https://mobile.twitter.com"" rel=""nofollow"">Twitter Web App</a>","TensorFlow",45,FALSE,FALSE,NA,NA
"78","<U+0001F6CE> New show alert <U+0001F6CE>

Introducing ""TensorFlow.js Community Show &amp; Tell."" A new show on YouTube that highlights top te… https://t.co/TW0p0k8ChZ",FALSE,69,NA,2020-11-20,TRUE,NA,"1329834152552632320",NA,"<a href=""https://mobile.twitter.com"" rel=""nofollow"">Twitter Web App</a>","TensorFlow",7,FALSE,FALSE,NA,NA
"79","<U+0001F511> Transparency is essential.

Creating Model Cards can make your TensorFlow models more transparent to researchers,… https://t.co/tgm18cCO4k",FALSE,182,NA,2020-11-19,TRUE,NA,"1329470750340747264",NA,"<a href=""https://mobile.twitter.com"" rel=""nofollow"">Twitter Web App</a>","TensorFlow",39,FALSE,FALSE,NA,NA
"80","<U+26A1><U+FE0F> Accelerating TensorFlow 2 performance on Mac 

@Apple’s new Mac-optimized TensorFlow 2.4 fork lets you speed up… https://t.co/zt7kJw6Gvy",FALSE,2144,NA,2020-11-18,TRUE,NA,"1329138407377752064",NA,"<a href=""https://mobile.twitter.com"" rel=""nofollow"">Twitter Web App</a>","TensorFlow",488,FALSE,FALSE,NA,NA
"81","<U+0001F534> Live in 1 hour: TensorFlow Fall updates

Head over to our YouTube channel at 9AM PT to hear about product updates… https://t.co/qoFoPaHFYh",FALSE,90,NA,2020-11-18,TRUE,NA,"1329092010238636034",NA,"<a href=""https://mobile.twitter.com"" rel=""nofollow"">Twitter Web App</a>","TensorFlow",14,FALSE,FALSE,NA,NA
"82","<U+0001F4E2> SIG TF.js has launched! <U+0001F389>

SIG #TensorFlowJS will help grow community participation and contributions to shape th… https://t.co/qEvTmdw2oZ",FALSE,53,NA,2020-11-17,TRUE,NA,"1328805996886593536",NA,"<a href=""https://mobile.twitter.com"" rel=""nofollow"">Twitter Web App</a>","TensorFlow",16,FALSE,FALSE,NA,NA
"83","<U+0001F4A1>TensorFlow updates for Fall 2020 

Tune in live tomorrow on Wednesday Nov. 18 at 9AM PT for exciting product and c… https://t.co/qJfJZNZCjj",FALSE,161,NA,2020-11-17,TRUE,NA,"1328775501461168128",NA,"<a href=""https://mobile.twitter.com"" rel=""nofollow"">Twitter Web App</a>","TensorFlow",32,FALSE,FALSE,NA,NA
"84","<U+0001F525><U+0001F3A4> A certified Machine Learning hit!

Check out this hot new track from our D.R.E. aka @jason_mayes as he announces… https://t.co/d6IKTOpLQp",FALSE,77,NA,2020-11-17,TRUE,NA,"1328746640606326784",NA,"<a href=""https://mobile.twitter.com"" rel=""nofollow"">Twitter Web App</a>","TensorFlow",18,FALSE,FALSE,NA,NA
"85","<U+0001F4E3> Today we’re announcing MinDiff!

This is the first technique in our TensorFlow Model Remediation Library aimed at… https://t.co/ePY74ZwVc0",FALSE,250,NA,2020-11-16,TRUE,NA,"1328429106669686784",NA,"<a href=""https://www.sprinklr.com"" rel=""nofollow"">Sprinklr</a>","TensorFlow",68,FALSE,FALSE,NA,NA
"86","<U+26A1>Creating quantum data sources out of reach for classical machine learning.
 
While classical machines can learn to… https://t.co/9SgoxuQgkZ",FALSE,142,NA,2020-11-13,TRUE,NA,"1327393117020962816",NA,"<a href=""https://mobile.twitter.com"" rel=""nofollow"">Twitter Web App</a>","TensorFlow",51,FALSE,FALSE,NA,NA
"87","<U+0001F5BC> Now available: new image expert models!

48 models from the Scalable Transfer Learning with Expert Models paper h… https://t.co/T50s0gJ6iA",FALSE,221,NA,2020-11-13,TRUE,NA,"1327359723037814784",NA,"<a href=""https://mobile.twitter.com"" rel=""nofollow"">Twitter Web App</a>","TensorFlow",58,FALSE,FALSE,NA,NA
"88","<U+0001F382> It's birthday time <U+0001F382>
 
5 years ago today, TensorFlow was opened sourced! It's been a fun ride with more in store,… https://t.co/9CvKkfv7Lj",FALSE,376,NA,2020-11-13,TRUE,NA,"1327326072820682760",NA,"<a href=""https://www.sprinklr.com"" rel=""nofollow"">Sprinklr</a>","TensorFlow",65,FALSE,FALSE,NA,NA
"89","<U+0001F483> Strike a pose <U+0001F57A>

Take a look at how @lossless created a visually stunning mixed reality demo to help us understan… https://t.co/jd0O6rsD9g",FALSE,120,NA,2020-11-12,TRUE,NA,"1326933141299212289",NA,"<a href=""https://mobile.twitter.com"" rel=""nofollow"">Twitter Web App</a>","TensorFlow",22,FALSE,FALSE,NA,NA
"90","<U+0001F3C5> #TFCommunitySpotlight Winner: George Soloupis <U+0001F3C5>

George applies artistic style transfer in videos with TF Lite. T… https://t.co/Jr5xvqz4QZ",FALSE,104,NA,2020-11-11,TRUE,NA,"1326646632482402305",NA,"<a href=""https://mobile.twitter.com"" rel=""nofollow"">Twitter Web App</a>","TensorFlow",11,FALSE,FALSE,NA,NA
"91","<U+0001F514>  Long term support (LTS) for @bazelbuild releases is coming! 

Learn how this can benefit open-source software li… https://t.co/VqXahN6auf",FALSE,50,NA,2020-11-10,TRUE,NA,"1326273986687201281",NA,"<a href=""https://mobile.twitter.com"" rel=""nofollow"">Twitter Web App</a>","TensorFlow",6,FALSE,FALSE,NA,NA
"92","<U+0001F4E2> TensorFlow 2.4.0-rc1 is here!

Please see the full release notes for details on added features, breaking changes,… https://t.co/ORZQSodoBY",FALSE,288,NA,2020-11-10,TRUE,NA,"1326238967155453952",NA,"<a href=""https://mobile.twitter.com"" rel=""nofollow"">Twitter Web App</a>","TensorFlow",63,FALSE,FALSE,NA,NA
"93","<U+0001F4D6> The #TFCommunitySpotlight story so far

We started this program to offer developers a chance to showcase their Te… https://t.co/wjOzpzTWAp",FALSE,395,NA,2020-11-09,TRUE,NA,"1325862961001291776",NA,"<a href=""https://mobile.twitter.com"" rel=""nofollow"">Twitter Web App</a>","TensorFlow",63,FALSE,FALSE,NA,NA
"94","<U+0001F342> Coral software updates - Fall 2020 <U+0001F343>
 
<U+2611><U+FE0F> New C++ &amp; Python APIs
<U+2611><U+FE0F> Model pipelining now GA with new partitioning… https://t.co/YzAOe9yhh1",FALSE,205,NA,2020-11-06,TRUE,NA,"1324760533820735489",NA,"<a href=""https://mobile.twitter.com"" rel=""nofollow"">Twitter Web App</a>","TensorFlow",48,FALSE,FALSE,NA,NA
"95","<U+0001F3C3> Get your workout in!

In this edition of #MadeWithTFJS, see how one developer used PoseNet to create their own vi… https://t.co/AzizIFa4Iw",FALSE,117,NA,2020-11-05,TRUE,NA,"1324458885214883841",NA,"<a href=""https://www.sprinklr.com"" rel=""nofollow"">Sprinklr</a>","TensorFlow",20,FALSE,FALSE,NA,NA
"96","Segment Chinese text into tokens <U+0001F5A5>
 
TF Text has released a Chinese segmentation model on TF Hub that allows users… https://t.co/h6k2E30Bke",FALSE,70,NA,2020-11-05,TRUE,NA,"1324426269434535940",NA,"<a href=""https://www.sprinklr.com"" rel=""nofollow"">Sprinklr</a>","TensorFlow",17,FALSE,FALSE,NA,NA
"97","<U+0001F514> TensorFlow 2.4.0-rc0 has been released!
 
Be sure to check out all the major features and improvements, breaking… https://t.co/GgfOwM2kYB",FALSE,439,NA,2020-11-05,TRUE,NA,"1324396996921155587",NA,"<a href=""https://mobile.twitter.com"" rel=""nofollow"">Twitter Web App</a>","TensorFlow",88,FALSE,FALSE,NA,NA
"98","<U+0001F440> Iris tracking is now supported in the browser
 
In this blog, you'll learn how to incorporate Iris landmark track… https://t.co/js5wSvAa4y",FALSE,1125,NA,2020-11-04,TRUE,NA,"1324038194233368577",NA,"<a href=""https://mobile.twitter.com"" rel=""nofollow"">Twitter Web App</a>","TensorFlow",214,FALSE,FALSE,NA,NA
"99","Get an inside look at NumPy <U+0001F440>
 
This time on #InsideTensorFlow, Software Engineers Ashish Agarwal and Peng Wang exp… https://t.co/6nmQj1ARJx",FALSE,240,NA,2020-11-02,TRUE,NA,"1323354565874393088",NA,"<a href=""https://mobile.twitter.com"" rel=""nofollow"">Twitter Web App</a>","TensorFlow",56,FALSE,FALSE,NA,NA
"100","<U+0001F4FA> #TFX On Demand
 
No need to worry if you missed the latest updates in the TFX presentation at the ML Summit for G… https://t.co/R9wcQdiE3J",FALSE,121,NA,2020-11-02,TRUE,NA,"1323326141545893888",NA,"<a href=""https://mobile.twitter.com"" rel=""nofollow"">Twitter Web App</a>","TensorFlow",25,FALSE,FALSE,NA,NA
"101","<U+0001F6E0> Ready, set, build. 
 
Ahead of #DevFest 2020, a team of Developer Advocates teamed up to share how you can build… https://t.co/cWrosMR3AM",FALSE,127,NA,2020-10-29,TRUE,NA,"1321919768757227525",NA,"<a href=""https://www.sprinklr.com"" rel=""nofollow"">Sprinklr</a>","TensorFlow",27,FALSE,FALSE,NA,NA
"102","<U+0001F4F1><U+0001F50D> Analyze tweets with Natural Language Processing
 
In this #MadeWithTFJS episode, we are joined by Benson Ruan to… https://t.co/IioYMWIZY4",FALSE,155,NA,2020-10-29,TRUE,NA,"1321889599766093825",NA,"<a href=""https://www.sprinklr.com"" rel=""nofollow"">Sprinklr</a>","TensorFlow",42,FALSE,FALSE,NA,NA
"103","Check out this awesome tutorial from @_bhaveshbhatt on how to use these models <U+2193> https://t.co/Jgna0482RR",FALSE,33,"TensorFlow",2020-10-28,FALSE,"1321565006958190592","1321565422630526976","254107028","<a href=""https://mobile.twitter.com"" rel=""nofollow"">Twitter Web App</a>","TensorFlow",8,FALSE,FALSE,NA,NA
"104","What are these? <U+0001F309><U+0001F5FD>
 
#TFHub can help you classify famous sights with a great set of landmark detection models readi… https://t.co/XAjFN6mNOA",FALSE,108,NA,2020-10-28,TRUE,NA,"1321565006958190592",NA,"<a href=""https://mobile.twitter.com"" rel=""nofollow"">Twitter Web App</a>","TensorFlow",20,FALSE,FALSE,NA,NA
"105","<U+0001F3C5> #TFCommunitySpotlight Winner: Firiuza Shigapova <U+0001F3C5>
 
Using TensorFlow 2.x, Firiuza built a library for Graph Neura… https://t.co/nPDm8T5Nrv",FALSE,339,NA,2020-10-28,TRUE,NA,"1321534720849727491",NA,"<a href=""https://www.sprinklr.com"" rel=""nofollow"">Sprinklr</a>","TensorFlow",80,FALSE,FALSE,NA,NA
"106","<U+0001F477><U+200D><U+2640><U+FE0F> Building ML infra <U+0001F477>
 
On this #InsideTensorFlow, Software Engineer Mingsheng Hong shares why you should invest… https://t.co/iodoEI0jXd",FALSE,176,NA,2020-10-27,TRUE,NA,"1321164775917834242",NA,"<a href=""https://www.sprinklr.com"" rel=""nofollow"">Sprinklr</a>","TensorFlow",39,FALSE,FALSE,NA,NA
"107","<U+0001F512> Make business predictions. Maintain privacy.
 
Learn how @ierp_ai used TensorFlow.js in a desktop native applicat… https://t.co/oMcB08zyOo",FALSE,170,NA,2020-10-23,TRUE,NA,"1319672803587739648",NA,"<a href=""https://www.sprinklr.com"" rel=""nofollow"">Sprinklr</a>","TensorFlow",40,FALSE,FALSE,NA,NA
"108","<U+270B> Control web pages with your body
 
In the latest episode of #MadeWithTFJS, we are joined by Anders Jessen to disc… https://t.co/njkNxDeXLI",FALSE,371,NA,2020-10-22,TRUE,NA,"1319317552020000769",NA,"<a href=""https://www.sprinklr.com"" rel=""nofollow"">Sprinklr</a>","TensorFlow",75,FALSE,FALSE,NA,NA
"109","<U+0001F4AC> Speech recognition on the edge

Check out how our partner, CEVA, went about deploying a speech recognition engine… https://t.co/zgaNc5uyrF",FALSE,124,NA,2020-10-16,TRUE,NA,"1317136818144423938",NA,"<a href=""https://www.sprinklr.com"" rel=""nofollow"">Sprinklr</a>","TensorFlow",31,FALSE,FALSE,NA,NA
"110","<U+0001F9D8> Yoga instruction meets machine learning
 
In episode 4 of #MadeWithTFJS, we head to Spain to talk to Cristina Mai… https://t.co/kAOglPfJIH",FALSE,282,NA,2020-10-15,TRUE,NA,"1316772411904331780",NA,"<a href=""https://www.sprinklr.com"" rel=""nofollow"">Sprinklr</a>","TensorFlow",82,FALSE,FALSE,NA,NA
"111","<U+0001F3C5> #TFCommunitySpotlight Winner: Mayank Thakur <U+0001F3C5>

Mayank created a special hand gesture feature to go with the tradi… https://t.co/OfppI02rcV",FALSE,424,NA,2020-10-14,TRUE,NA,"1316438654005456903",NA,"<a href=""https://www.sprinklr.com"" rel=""nofollow"">Sprinklr</a>","TensorFlow",67,FALSE,FALSE,NA,NA
"112","<U+0001F4AC> Customer service made simple with ML

NetEase Yanxuan, an eCommerce platform, uses TensorFlow for customer servic… https://t.co/sudZuHLwjG",FALSE,161,NA,2020-10-12,TRUE,NA,"1315689196024193026",NA,"<a href=""https://www.sprinklr.com"" rel=""nofollow"">Sprinklr</a>","TensorFlow",48,FALSE,FALSE,NA,NA
"113","<U+0001F4CA> Neural Structured Learning in TFX.

In @gopalanarjun's new blog, you'll learn how graph regularization can be imp… https://t.co/eFNk17qz0R",FALSE,124,NA,2020-10-09,TRUE,NA,"1314628848181407747",NA,"<a href=""https://mobile.twitter.com"" rel=""nofollow"">Twitter Web App</a>","TensorFlow",33,FALSE,FALSE,NA,NA
"114","We like the sound of that! <U+0001F3B6>
 
#ToneTransfer mixes music and machine learning to unlock new sounds using your voice… https://t.co/ucQu9oTOIN",FALSE,141,NA,2020-10-09,TRUE,NA,"1314596456842563584",NA,"<a href=""https://www.sprinklr.com"" rel=""nofollow"">Sprinklr</a>","TensorFlow",37,FALSE,FALSE,NA,NA
"115","<U+0001F9F0> Train models without writing code with @ludwig_ai!
 
Ludwig is an open source toolbox for training and testing de… https://t.co/WIIftZFnHI",FALSE,250,NA,2020-10-08,TRUE,NA,"1314279404382679048",NA,"<a href=""https://www.sprinklr.com"" rel=""nofollow"">Sprinklr</a>","TensorFlow",90,FALSE,FALSE,NA,NA
"116","<U+0001F5C2> We published a new collection of BERT models!
 
Models are trained on different datasets and tasks including: Pub… https://t.co/9cNeakRf2J",FALSE,314,NA,2020-10-08,TRUE,NA,"1314249201778388998",NA,"<a href=""https://www.sprinklr.com"" rel=""nofollow"">Sprinklr</a>","TensorFlow",95,FALSE,FALSE,NA,NA
"117","Our next #MadeWithTFJS talk has double the demos <U+270C>

In this episode, @devdevcharlie shares WashOS, a project to det… https://t.co/qPrlMXoKvW",FALSE,81,NA,2020-10-07,TRUE,NA,"1313917053569503234",NA,"<a href=""https://www.sprinklr.com"" rel=""nofollow"">Sprinklr</a>","TensorFlow",10,FALSE,FALSE,NA,NA
"118","<U+0001F4AB> Jupyter notebooks are out of this world!
 
In this blog, you’ll learn why Jupyter notebooks are an important part… https://t.co/oprTkNvbjd",FALSE,328,NA,2020-10-05,TRUE,NA,"1313166467291140097",NA,"<a href=""https://www.sprinklr.com"" rel=""nofollow"">Sprinklr</a>","TensorFlow",81,FALSE,FALSE,NA,NA
"119","<U+0001F63A> + <U+0001F5BC> = ?

Check out this style transfer tutorial from @orhangaziyalcin powered by #TFHub <U+0001F447> https://t.co/0jYmFWDtls",FALSE,164,NA,2020-10-02,FALSE,NA,"1312123293290299394",NA,"<a href=""https://www.sprinklr.com"" rel=""nofollow"">Sprinklr</a>","TensorFlow",33,FALSE,FALSE,NA,NA
"120","Optimize runtime memory <U+0001F3C3><U+200D><U+2640><U+FE0F><U+0001F9E0>
 
In this blog, you’ll learn how TensorFlow Lite optimizes its memory footprint for n… https://t.co/PVL8HCUvAG",FALSE,191,NA,2020-10-02,TRUE,NA,"1312062308781355008",NA,"<a href=""https://www.sprinklr.com"" rel=""nofollow"">Sprinklr</a>","TensorFlow",47,FALSE,FALSE,NA,NA
"121","<U+26A1> Quantum Hardware performance

The @qctrlhq team used TensorFlow to coax quantum hardware into performing useful w… https://t.co/sIjxaT8oBQ",FALSE,99,NA,2020-10-01,TRUE,NA,"1311736628306743297",NA,"<a href=""https://mobile.twitter.com"" rel=""nofollow"">Twitter Web App</a>","TensorFlow",34,FALSE,FALSE,NA,NA
"122","<U+0001F50D> Real-time semantic segmentation 

In episode 2 of Made With TensorFlow.js, Hugo Zanini shows how to perform seman… https://t.co/koY6RwbLuq",FALSE,169,NA,2020-09-30,TRUE,NA,"1311395423429459969",NA,"<a href=""https://www.sprinklr.com"" rel=""nofollow"">Sprinklr</a>","TensorFlow",42,FALSE,FALSE,NA,NA
"123","<U+0001F3C5> #TFCommunitySpotlight Winner: https://t.co/mrenvXv8EL <U+0001F3C5>

The DeepPavlov AI library solves numerous NLP and NLU pr… https://t.co/Uz1vuHThcL",FALSE,181,NA,2020-09-30,TRUE,NA,"1311369959172460545",NA,"<a href=""https://www.sprinklr.com"" rel=""nofollow"">Sprinklr</a>","TensorFlow",56,FALSE,FALSE,NA,NA
"124","Due to a large number of vulnerabilities, we have released patches for TensorFlow on all versions from 1.15 to 2.3… https://t.co/vTErQi5VG8",FALSE,149,NA,2020-09-28,TRUE,NA,"1310655536044670978",NA,"<a href=""https://www.sprinklr.com"" rel=""nofollow"">Sprinklr</a>","TensorFlow",43,FALSE,FALSE,NA,NA
"125","<U+0001F4D6> A brief history of TensorFlow Extended (TFX)

Check out how the history of TensorFlow Extended has helped inform… https://t.co/Qp0PeHL2p5",FALSE,283,NA,2020-09-28,TRUE,NA,"1310610231337123842",NA,"<a href=""https://www.sprinklr.com"" rel=""nofollow"">Sprinklr</a>","TensorFlow",99,FALSE,FALSE,NA,NA
"126","<U+0001F440> Bring the Mona Lisa effect to life

Urban legend says that Mona Lisa's eyes follow you as you move around the roo… https://t.co/uBNWuHJ5sw",FALSE,848,NA,2020-09-25,TRUE,NA,"1309523262800572421",NA,"<a href=""https://www.sprinklr.com"" rel=""nofollow"">Sprinklr</a>","TensorFlow",206,FALSE,FALSE,NA,NA
"127","<U+0001F3AD> Enjoying the Show with @GantLaborde

Check out this awesome demo from the #TensorFlowJS Show &amp; Tell, that allows… https://t.co/QtE9BQPJsl",FALSE,65,NA,2020-09-23,TRUE,NA,"1308836829253296129",NA,"<a href=""https://www.sprinklr.com"" rel=""nofollow"">Sprinklr</a>","TensorFlow",17,FALSE,FALSE,NA,NA
